"id","from_code","to_code","departure_time","arrival_time","price","airline","duration","stops","created_at"
1,"DEL","BOM","2026-05-10 05:10:00","2026-05-10 07:15:00",3850,"IndiGo",125,0,"2026-04-19 02:48:46.608338"
2,"DEL","BOM","2026-05-10 06:30:00","2026-05-10 08:45:00",4200,"Air India",135,0,"2026-04-19 02:48:46.608338"
3,"DEL","BOM","2026-05-10 08:00:00","2026-05-10 10:10:00",5600,"Vistara",130,0,"2026-04-19 02:48:46.608338"
4,"DEL","BOM","2026-05-10 10:30:00","2026-05-10 12:40:00",6800,"IndiGo",130,0,"2026-04-19 02:48:46.608338"
5,"DEL","BOM","2026-05-10 13:00:00","2026-05-10 15:15:00",5400,"Akasa Air",135,0,"2026-04-19 02:48:46.608338"
6,"DEL","BOM","2026-05-10 16:00:00","2026-05-10 18:10:00",7200,"Vistara",130,0,"2026-04-19 02:48:46.608338"
7,"DEL","BOM","2026-05-10 19:30:00","2026-05-10 21:45:00",6500,"Air India",135,0,"2026-04-19 02:48:46.608338"
8,"DEL","BOM","2026-05-10 21:45:00","2026-05-10 23:55:00",4100,"IndiGo",130,0,"2026-04-19 02:48:46.608338"
9,"DEL","BOM","2026-05-11 05:20:00","2026-05-11 07:30:00",3700,"Akasa Air",130,0,"2026-04-19 02:48:46.608338"
10,"DEL","BOM","2026-05-11 07:15:00","2026-05-11 09:25:00",5100,"IndiGo",130,0,"2026-04-19 02:48:46.608338"
11,"DEL","BOM","2026-05-11 09:45:00","2026-05-11 12:00:00",7500,"Vistara",135,0,"2026-04-19 02:48:46.608338"
12,"DEL","BOM","2026-05-11 12:30:00","2026-05-11 14:45:00",6200,"Air India",135,0,"2026-04-19 02:48:46.608338"
13,"DEL","BOM","2026-05-11 15:00:00","2026-05-11 17:10:00",5800,"IndiGo",130,0,"2026-04-19 02:48:46.608338"
14,"DEL","BOM","2026-05-11 18:00:00","2026-05-11 20:15:00",8100,"Vistara",135,0,"2026-04-19 02:48:46.608338"
15,"DEL","BOM","2026-05-11 22:00:00","2026-05-12 00:10:00",3900,"Akasa Air",130,0,"2026-04-19 02:48:46.608338"
16,"DEL","BOM","2026-05-12 05:45:00","2026-05-12 07:55:00",3600,"IndiGo",130,0,"2026-04-19 02:48:46.608338"
17,"DEL","BOM","2026-05-12 08:30:00","2026-05-12 10:45:00",5900,"Air India",135,0,"2026-04-19 02:48:46.608338"
18,"DEL","BOM","2026-05-12 11:00:00","2026-05-12 13:15:00",6700,"Vistara",135,0,"2026-04-19 02:48:46.608338"
19,"DEL","BOM","2026-05-12 14:00:00","2026-05-12 16:10:00",5500,"Akasa Air",130,0,"2026-04-19 02:48:46.608338"
20,"DEL","BOM","2026-05-12 17:30:00","2026-05-12 19:45:00",7800,"IndiGo",135,0,"2026-04-19 02:48:46.608338"
21,"DEL","BOM","2026-05-12 20:00:00","2026-05-12 22:10:00",6300,"Air India",130,0,"2026-04-19 02:48:46.608338"
22,"DEL","BOM","2026-05-13 06:00:00","2026-05-13 08:10:00",4300,"IndiGo",130,0,"2026-04-19 02:48:46.608338"
23,"DEL","BOM","2026-05-13 10:00:00","2026-05-13 12:15:00",6100,"Vistara",135,0,"2026-04-19 02:48:46.608338"
24,"DEL","BOM","2026-05-13 13:30:00","2026-05-13 15:40:00",5200,"Akasa Air",130,0,"2026-04-19 02:48:46.608338"
25,"DEL","BOM","2026-05-13 17:00:00","2026-05-13 19:15:00",7600,"Air India",135,0,"2026-04-19 02:48:46.608338"
26,"DEL","BOM","2026-05-13 21:00:00","2026-05-13 23:10:00",4800,"IndiGo",130,0,"2026-04-19 02:48:46.608338"
27,"DEL","BOM","2026-05-14 05:30:00","2026-05-14 07:40:00",3950,"Akasa Air",130,0,"2026-04-19 02:48:46.608338"
28,"DEL","BOM","2026-05-14 09:00:00","2026-05-14 11:15:00",6400,"Vistara",135,0,"2026-04-19 02:48:46.608338"
29,"DEL","BOM","2026-05-14 14:30:00","2026-05-14 16:40:00",5700,"IndiGo",130,0,"2026-04-19 02:48:46.608338"
30,"DEL","BOM","2026-05-14 19:00:00","2026-05-14 21:15:00",7100,"Air India",135,0,"2026-04-19 02:48:46.608338"
31,"BOM","DEL","2026-05-10 06:00:00","2026-05-10 08:10:00",4100,"IndiGo",130,0,"2026-04-19 02:48:46.608338"
32,"BOM","DEL","2026-05-10 09:30:00","2026-05-10 11:45:00",5800,"Vistara",135,0,"2026-04-19 02:48:46.608338"
33,"BOM","DEL","2026-05-10 13:00:00","2026-05-10 15:10:00",6200,"Air India",130,0,"2026-04-19 02:48:46.608338"
34,"BOM","DEL","2026-05-10 17:00:00","2026-05-10 19:15:00",7500,"IndiGo",135,0,"2026-04-19 02:48:46.608338"
35,"BOM","DEL","2026-05-10 20:30:00","2026-05-10 22:40:00",5100,"Akasa Air",130,0,"2026-04-19 02:48:46.608338"
36,"BOM","DEL","2026-05-11 05:50:00","2026-05-11 08:00:00",3800,"IndiGo",130,0,"2026-04-19 02:48:46.608338"
37,"BOM","DEL","2026-05-11 10:00:00","2026-05-11 12:15:00",6500,"Vistara",135,0,"2026-04-19 02:48:46.608338"
38,"BOM","DEL","2026-05-11 14:30:00","2026-05-11 16:40:00",5900,"Air India",130,0,"2026-04-19 02:48:46.608338"
39,"BOM","DEL","2026-05-11 18:30:00","2026-05-11 20:45:00",7900,"IndiGo",135,0,"2026-04-19 02:48:46.608338"
40,"BOM","DEL","2026-05-11 21:30:00","2026-05-11 23:40:00",4400,"Akasa Air",130,0,"2026-04-19 02:48:46.608338"
41,"BOM","DEL","2026-05-12 07:00:00","2026-05-12 09:10:00",4700,"IndiGo",130,0,"2026-04-19 02:48:46.608338"
42,"BOM","DEL","2026-05-12 11:30:00","2026-05-12 13:45:00",6800,"Vistara",135,0,"2026-04-19 02:48:46.608338"
43,"BOM","DEL","2026-05-12 16:00:00","2026-05-12 18:10:00",6100,"Air India",130,0,"2026-04-19 02:48:46.608338"
44,"BOM","DEL","2026-05-12 20:00:00","2026-05-12 22:15:00",5600,"IndiGo",135,0,"2026-04-19 02:48:46.608338"
45,"BOM","DEL","2026-05-13 06:30:00","2026-05-13 08:40:00",4000,"Akasa Air",130,0,"2026-04-19 02:48:46.608338"
46,"BOM","DEL","2026-05-13 12:00:00","2026-05-13 14:15:00",6300,"Vistara",135,0,"2026-04-19 02:48:46.608338"
47,"BOM","DEL","2026-05-13 17:30:00","2026-05-13 19:40:00",7200,"Air India",130,0,"2026-04-19 02:48:46.608338"
48,"BOM","DEL","2026-05-13 22:00:00","2026-05-14 00:10:00",4200,"IndiGo",130,0,"2026-04-19 02:48:46.608338"
49,"BOM","DEL","2026-05-14 08:00:00","2026-05-14 10:10:00",5300,"IndiGo",130,0,"2026-04-19 02:48:46.608338"
50,"BOM","DEL","2026-05-14 15:00:00","2026-05-14 17:15:00",6700,"Vistara",135,0,"2026-04-19 02:48:46.608338"
51,"BOM","DEL","2026-05-14 20:00:00","2026-05-14 22:10:00",5800,"Air India",130,0,"2026-04-19 02:48:46.608338"
52,"DEL","BLR","2026-05-10 05:30:00","2026-05-10 08:15:00",4200,"IndiGo",165,0,"2026-04-19 02:48:46.608338"
53,"DEL","BLR","2026-05-10 08:00:00","2026-05-10 10:50:00",6500,"Air India",170,0,"2026-04-19 02:48:46.608338"
54,"DEL","BLR","2026-05-10 11:30:00","2026-05-10 14:20:00",7800,"Vistara",170,0,"2026-04-19 02:48:46.608338"
55,"DEL","BLR","2026-05-10 15:00:00","2026-05-10 17:50:00",6200,"Akasa Air",170,0,"2026-04-19 02:48:46.608338"
56,"DEL","BLR","2026-05-10 18:30:00","2026-05-10 21:15:00",8500,"IndiGo",165,0,"2026-04-19 02:48:46.608338"
57,"DEL","BLR","2026-05-10 21:00:00","2026-05-10 23:50:00",5100,"Air India",170,0,"2026-04-19 02:48:46.608338"
58,"DEL","BLR","2026-05-11 06:00:00","2026-05-11 08:50:00",3900,"Akasa Air",170,0,"2026-04-19 02:48:46.608338"
59,"DEL","BLR","2026-05-11 09:30:00","2026-05-11 12:20:00",7200,"Vistara",170,0,"2026-04-19 02:48:46.608338"
60,"DEL","BLR","2026-05-11 13:00:00","2026-05-11 15:50:00",6100,"IndiGo",170,0,"2026-04-19 02:48:46.608338"
61,"DEL","BLR","2026-05-11 17:00:00","2026-05-11 19:45:00",8900,"Air India",165,0,"2026-04-19 02:48:46.608338"
62,"DEL","BLR","2026-05-11 20:30:00","2026-05-11 23:20:00",5400,"IndiGo",170,0,"2026-04-19 02:48:46.608338"
63,"DEL","BLR","2026-05-12 05:45:00","2026-05-12 08:35:00",4100,"IndiGo",170,0,"2026-04-19 02:48:46.608338"
64,"DEL","BLR","2026-05-12 10:00:00","2026-05-12 12:50:00",6800,"Vistara",170,0,"2026-04-19 02:48:46.608338"
65,"DEL","BLR","2026-05-12 14:30:00","2026-05-12 17:15:00",6400,"Akasa Air",165,0,"2026-04-19 02:48:46.608338"
66,"DEL","BLR","2026-05-12 19:00:00","2026-05-12 21:50:00",7600,"Air India",170,0,"2026-04-19 02:48:46.608338"
67,"DEL","BLR","2026-05-13 06:30:00","2026-05-13 09:20:00",4500,"IndiGo",170,0,"2026-04-19 02:48:46.608338"
68,"DEL","BLR","2026-05-13 11:00:00","2026-05-13 13:50:00",7100,"Vistara",170,0,"2026-04-19 02:48:46.608338"
69,"DEL","BLR","2026-05-13 15:30:00","2026-05-13 18:15:00",6000,"Akasa Air",165,0,"2026-04-19 02:48:46.608338"
70,"DEL","BLR","2026-05-13 20:00:00","2026-05-13 22:50:00",5800,"Air India",170,0,"2026-04-19 02:48:46.608338"
71,"DEL","BLR","2026-05-14 07:00:00","2026-05-14 09:50:00",5200,"IndiGo",170,0,"2026-04-19 02:48:46.608338"
72,"DEL","BLR","2026-05-14 12:30:00","2026-05-14 15:15:00",7400,"Vistara",165,0,"2026-04-19 02:48:46.608338"
73,"DEL","BLR","2026-05-14 18:00:00","2026-05-14 20:50:00",6700,"Air India",170,0,"2026-04-19 02:48:46.608338"
74,"BLR","DEL","2026-05-10 06:30:00","2026-05-10 09:20:00",4500,"IndiGo",170,0,"2026-04-19 02:48:46.608338"
75,"BLR","DEL","2026-05-10 10:00:00","2026-05-10 12:50:00",7000,"Vistara",170,0,"2026-04-19 02:48:46.608338"
76,"BLR","DEL","2026-05-10 14:30:00","2026-05-10 17:15:00",6500,"Air India",165,0,"2026-04-19 02:48:46.608338"
77,"BLR","DEL","2026-05-10 19:00:00","2026-05-10 21:50:00",8200,"IndiGo",170,0,"2026-04-19 02:48:46.608338"
78,"BLR","DEL","2026-05-11 05:30:00","2026-05-11 08:15:00",3800,"Akasa Air",165,0,"2026-04-19 02:48:46.608338"
79,"BLR","DEL","2026-05-11 11:00:00","2026-05-11 13:50:00",6900,"Vistara",170,0,"2026-04-19 02:48:46.608338"
80,"BLR","DEL","2026-05-11 16:00:00","2026-05-11 18:45:00",7400,"Air India",165,0,"2026-04-19 02:48:46.608338"
81,"BLR","DEL","2026-05-11 20:00:00","2026-05-11 22:50:00",5600,"IndiGo",170,0,"2026-04-19 02:48:46.608338"
82,"BLR","DEL","2026-05-12 07:30:00","2026-05-12 10:20:00",5100,"IndiGo",170,0,"2026-04-19 02:48:46.608338"
83,"BLR","DEL","2026-05-12 13:00:00","2026-05-12 15:50:00",7200,"Vistara",170,0,"2026-04-19 02:48:46.608338"
84,"BLR","DEL","2026-05-12 18:30:00","2026-05-12 21:15:00",6800,"Air India",165,0,"2026-04-19 02:48:46.608338"
85,"BLR","DEL","2026-05-13 06:00:00","2026-05-13 08:50:00",4300,"Akasa Air",170,0,"2026-04-19 02:48:46.608338"
86,"BLR","DEL","2026-05-13 12:30:00","2026-05-13 15:15:00",7600,"Vistara",165,0,"2026-04-19 02:48:46.608338"
87,"BLR","DEL","2026-05-13 17:00:00","2026-05-13 19:50:00",6200,"IndiGo",170,0,"2026-04-19 02:48:46.608338"
88,"BLR","DEL","2026-05-14 09:00:00","2026-05-14 11:50:00",5800,"Air India",170,0,"2026-04-19 02:48:46.608338"
89,"BLR","DEL","2026-05-14 15:30:00","2026-05-14 18:15:00",7100,"IndiGo",165,0,"2026-04-19 02:48:46.608338"
90,"BLR","DEL","2026-05-14 21:00:00","2026-05-14 23:50:00",5300,"Akasa Air",170,0,"2026-04-19 02:48:46.608338"
91,"BOM","BLR","2026-05-10 06:00:00","2026-05-10 07:50:00",3400,"IndiGo",110,0,"2026-04-19 02:48:46.608338"
92,"BOM","BLR","2026-05-10 09:30:00","2026-05-10 11:20:00",5200,"Vistara",110,0,"2026-04-19 02:48:46.608338"
93,"BOM","BLR","2026-05-10 13:00:00","2026-05-10 14:55:00",6100,"Air India",115,0,"2026-04-19 02:48:46.608338"
94,"BOM","BLR","2026-05-10 17:00:00","2026-05-10 18:50:00",7200,"IndiGo",110,0,"2026-04-19 02:48:46.608338"
95,"BOM","BLR","2026-05-10 20:30:00","2026-05-10 22:20:00",5500,"Akasa Air",110,0,"2026-04-19 02:48:46.608338"
96,"BOM","BLR","2026-05-11 05:45:00","2026-05-11 07:35:00",3200,"IndiGo",110,0,"2026-04-19 02:48:46.608338"
97,"BOM","BLR","2026-05-11 10:00:00","2026-05-11 11:55:00",5800,"Vistara",115,0,"2026-04-19 02:48:46.608338"
98,"BOM","BLR","2026-05-11 14:30:00","2026-05-11 16:20:00",6400,"Air India",110,0,"2026-04-19 02:48:46.608338"
99,"BOM","BLR","2026-05-11 19:00:00","2026-05-11 20:55:00",7800,"IndiGo",115,0,"2026-04-19 02:48:46.608338"
100,"BOM","BLR","2026-05-12 07:00:00","2026-05-12 08:50:00",4100,"Akasa Air",110,0,"2026-04-19 02:48:46.608338"
101,"BOM","BLR","2026-05-12 12:00:00","2026-05-12 13:55:00",5600,"Vistara",115,0,"2026-04-19 02:48:46.608338"
102,"BOM","BLR","2026-05-12 17:30:00","2026-05-12 19:20:00",7100,"IndiGo",110,0,"2026-04-19 02:48:46.608338"
103,"BOM","BLR","2026-05-13 06:30:00","2026-05-13 08:20:00",3700,"IndiGo",110,0,"2026-04-19 02:48:46.608338"
104,"BOM","BLR","2026-05-13 11:30:00","2026-05-13 13:25:00",6200,"Air India",115,0,"2026-04-19 02:48:46.608338"
105,"BOM","BLR","2026-05-13 16:00:00","2026-05-13 17:50:00",5900,"Vistara",110,0,"2026-04-19 02:48:46.608338"
106,"BOM","BLR","2026-05-13 21:00:00","2026-05-13 22:55:00",4600,"Akasa Air",115,0,"2026-04-19 02:48:46.608338"
107,"BOM","BLR","2026-05-14 08:30:00","2026-05-14 10:20:00",4800,"IndiGo",110,0,"2026-04-19 02:48:46.608338"
108,"BOM","BLR","2026-05-14 14:00:00","2026-05-14 15:55:00",6700,"Vistara",115,0,"2026-04-19 02:48:46.608338"
109,"BOM","BLR","2026-05-14 19:30:00","2026-05-14 21:20:00",5400,"Air India",110,0,"2026-04-19 02:48:46.608338"
110,"BLR","BOM","2026-05-10 07:00:00","2026-05-10 08:50:00",3600,"IndiGo",110,0,"2026-04-19 02:48:46.608338"
111,"BLR","BOM","2026-05-10 12:00:00","2026-05-10 13:55:00",5900,"Vistara",115,0,"2026-04-19 02:48:46.608338"
112,"BLR","BOM","2026-05-10 18:00:00","2026-05-10 19:50:00",7500,"Air India",110,0,"2026-04-19 02:48:46.608338"
113,"BLR","BOM","2026-05-11 06:30:00","2026-05-11 08:20:00",3400,"Akasa Air",110,0,"2026-04-19 02:48:46.608338"
114,"BLR","BOM","2026-05-11 13:00:00","2026-05-11 14:55:00",6300,"IndiGo",115,0,"2026-04-19 02:48:46.608338"
115,"BLR","BOM","2026-05-11 19:30:00","2026-05-11 21:20:00",8100,"Vistara",110,0,"2026-04-19 02:48:46.608338"
116,"BLR","BOM","2026-05-12 09:00:00","2026-05-12 10:50:00",4500,"Air India",110,0,"2026-04-19 02:48:46.608338"
117,"BLR","BOM","2026-05-12 16:00:00","2026-05-12 17:55:00",6800,"IndiGo",115,0,"2026-04-19 02:48:46.608338"
118,"BLR","BOM","2026-05-13 08:00:00","2026-05-13 09:50:00",3900,"Akasa Air",110,0,"2026-04-19 02:48:46.608338"
119,"BLR","BOM","2026-05-13 14:30:00","2026-05-13 16:20:00",6100,"Vistara",110,0,"2026-04-19 02:48:46.608338"
120,"BLR","BOM","2026-05-13 20:00:00","2026-05-13 21:55:00",5700,"Air India",115,0,"2026-04-19 02:48:46.608338"
121,"BLR","BOM","2026-05-14 10:00:00","2026-05-14 11:50:00",5200,"IndiGo",110,0,"2026-04-19 02:48:46.608338"
122,"BLR","BOM","2026-05-14 17:00:00","2026-05-14 18:50:00",7300,"Vistara",110,0,"2026-04-19 02:48:46.608338"
123,"DEL","DXB","2026-05-10 02:30:00","2026-05-10 05:45:00",18500,"IndiGo",195,0,"2026-04-19 02:48:46.608338"
124,"DEL","DXB","2026-05-10 05:00:00","2026-05-10 08:30:00",22000,"Air India",210,0,"2026-04-19 02:48:46.608338"
125,"DEL","DXB","2026-05-10 08:30:00","2026-05-10 12:00:00",31000,"Emirates",210,0,"2026-04-19 02:48:46.608338"
126,"DEL","DXB","2026-05-10 11:00:00","2026-05-10 14:25:00",27500,"Vistara",205,0,"2026-04-19 02:48:46.608338"
127,"DEL","DXB","2026-05-10 14:00:00","2026-05-10 17:30:00",29000,"Emirates",210,0,"2026-04-19 02:48:46.608338"
128,"DEL","DXB","2026-05-10 17:30:00","2026-05-10 21:00:00",38000,"Air India",210,0,"2026-04-19 02:48:46.608338"
129,"DEL","DXB","2026-05-10 20:00:00","2026-05-10 23:25:00",25000,"IndiGo",205,0,"2026-04-19 02:48:46.608338"
130,"DEL","DXB","2026-05-10 23:00:00","2026-05-11 02:15:00",16500,"Air India",195,0,"2026-04-19 02:48:46.608338"
131,"DEL","DXB","2026-05-11 03:00:00","2026-05-11 06:15:00",17800,"IndiGo",195,0,"2026-04-19 02:48:46.608338"
132,"DEL","DXB","2026-05-11 06:30:00","2026-05-11 10:00:00",24000,"Emirates",210,0,"2026-04-19 02:48:46.608338"
133,"DEL","DXB","2026-05-11 10:00:00","2026-05-11 13:30:00",32500,"Vistara",210,0,"2026-04-19 02:48:46.608338"
134,"DEL","DXB","2026-05-11 13:30:00","2026-05-11 17:00:00",30000,"Emirates",210,0,"2026-04-19 02:48:46.608338"
135,"DEL","DXB","2026-05-11 16:00:00","2026-05-11 19:25:00",35000,"Air India",205,0,"2026-04-19 02:48:46.608338"
136,"DEL","DXB","2026-05-11 22:00:00","2026-05-12 01:15:00",19500,"IndiGo",195,0,"2026-04-19 02:48:46.608338"
137,"DEL","DXB","2026-05-12 04:00:00","2026-05-12 07:15:00",18000,"Air India",195,0,"2026-04-19 02:48:46.608338"
138,"DEL","DXB","2026-05-12 09:00:00","2026-05-12 12:30:00",28000,"Emirates",210,0,"2026-04-19 02:48:46.608338"
139,"DEL","DXB","2026-05-12 14:00:00","2026-05-12 17:25:00",31500,"Vistara",205,0,"2026-04-19 02:48:46.608338"
140,"DEL","DXB","2026-05-12 19:30:00","2026-05-12 23:00:00",27000,"IndiGo",210,0,"2026-04-19 02:48:46.608338"
141,"DEL","DXB","2026-05-13 05:30:00","2026-05-13 08:45:00",21000,"IndiGo",195,0,"2026-04-19 02:48:46.608338"
142,"DEL","DXB","2026-05-13 10:30:00","2026-05-13 14:00:00",33000,"Emirates",210,0,"2026-04-19 02:48:46.608338"
143,"DEL","DXB","2026-05-13 15:00:00","2026-05-13 18:25:00",29500,"Air India",205,0,"2026-04-19 02:48:46.608338"
144,"DEL","DXB","2026-05-13 21:00:00","2026-05-14 00:15:00",20000,"Vistara",195,0,"2026-04-19 02:48:46.608338"
145,"DEL","DXB","2026-05-14 06:00:00","2026-05-14 09:15:00",23000,"Emirates",195,0,"2026-04-19 02:48:46.608338"
146,"DEL","DXB","2026-05-14 12:00:00","2026-05-14 15:30:00",34000,"Air India",210,0,"2026-04-19 02:48:46.608338"
147,"DEL","DXB","2026-05-14 18:30:00","2026-05-14 21:55:00",28500,"IndiGo",205,0,"2026-04-19 02:48:46.608338"
148,"DXB","DEL","2026-05-10 06:00:00","2026-05-10 11:45:00",19000,"Emirates",225,0,"2026-04-19 02:48:46.608338"
149,"DXB","DEL","2026-05-10 10:30:00","2026-05-10 16:15:00",26000,"Air India",225,0,"2026-04-19 02:48:46.608338"
150,"DXB","DEL","2026-05-10 14:30:00","2026-05-10 20:15:00",30000,"Emirates",225,0,"2026-04-19 02:48:46.608338"
151,"DXB","DEL","2026-05-10 22:00:00","2026-05-11 03:45:00",17500,"IndiGo",225,0,"2026-04-19 02:48:46.608338"
152,"DXB","DEL","2026-05-11 07:00:00","2026-05-11 12:45:00",22000,"Vistara",225,0,"2026-04-19 02:48:46.608338"
153,"DXB","DEL","2026-05-11 15:00:00","2026-05-11 20:45:00",32000,"Emirates",225,0,"2026-04-19 02:48:46.608338"
154,"DXB","DEL","2026-05-12 08:30:00","2026-05-12 14:15:00",27000,"Air India",225,0,"2026-04-19 02:48:46.608338"
155,"DXB","DEL","2026-05-12 18:00:00","2026-05-12 23:45:00",24000,"Emirates",225,0,"2026-04-19 02:48:46.608338"
156,"DXB","DEL","2026-05-13 06:30:00","2026-05-13 12:15:00",20500,"IndiGo",225,0,"2026-04-19 02:48:46.608338"
157,"DXB","DEL","2026-05-13 16:00:00","2026-05-13 21:45:00",31000,"Emirates",225,0,"2026-04-19 02:48:46.608338"
158,"DXB","DEL","2026-05-14 09:00:00","2026-05-14 14:45:00",25000,"Air India",225,0,"2026-04-19 02:48:46.608338"
159,"DXB","DEL","2026-05-14 20:00:00","2026-05-15 01:45:00",18000,"IndiGo",225,0,"2026-04-19 02:48:46.608338"
160,"BOM","DXB","2026-05-10 01:30:00","2026-05-10 05:00:00",17000,"IndiGo",210,0,"2026-04-19 02:48:46.608338"
161,"BOM","DXB","2026-05-10 06:00:00","2026-05-10 09:30:00",24000,"Emirates",210,0,"2026-04-19 02:48:46.608338"
162,"BOM","DXB","2026-05-10 10:00:00","2026-05-10 13:30:00",29000,"Air India",210,0,"2026-04-19 02:48:46.608338"
163,"BOM","DXB","2026-05-10 14:30:00","2026-05-10 18:00:00",33000,"Emirates",210,0,"2026-04-19 02:48:46.608338"
164,"BOM","DXB","2026-05-10 19:00:00","2026-05-10 22:30:00",27000,"Vistara",210,0,"2026-04-19 02:48:46.608338"
165,"BOM","DXB","2026-05-10 23:30:00","2026-05-11 03:00:00",18500,"Air India",210,0,"2026-04-19 02:48:46.608338"
166,"BOM","DXB","2026-05-11 05:00:00","2026-05-11 08:30:00",22000,"IndiGo",210,0,"2026-04-19 02:48:46.608338"
167,"BOM","DXB","2026-05-11 11:00:00","2026-05-11 14:30:00",31500,"Emirates",210,0,"2026-04-19 02:48:46.608338"
168,"BOM","DXB","2026-05-11 16:30:00","2026-05-11 20:00:00",28000,"Air India",210,0,"2026-04-19 02:48:46.608338"
169,"BOM","DXB","2026-05-11 22:00:00","2026-05-12 01:30:00",19000,"Akasa Air",210,0,"2026-04-19 02:48:46.608338"
170,"BOM","DXB","2026-05-12 07:30:00","2026-05-12 11:00:00",26000,"Emirates",210,0,"2026-04-19 02:48:46.608338"
171,"BOM","DXB","2026-05-12 14:00:00","2026-05-12 17:30:00",32000,"Air India",210,0,"2026-04-19 02:48:46.608338"
172,"BOM","DXB","2026-05-12 20:00:00","2026-05-12 23:30:00",24500,"IndiGo",210,0,"2026-04-19 02:48:46.608338"
173,"BOM","DXB","2026-05-13 06:00:00","2026-05-13 09:30:00",21500,"IndiGo",210,0,"2026-04-19 02:48:46.608338"
174,"BOM","DXB","2026-05-13 13:00:00","2026-05-13 16:30:00",34000,"Emirates",210,0,"2026-04-19 02:48:46.608338"
175,"BOM","DXB","2026-05-13 19:30:00","2026-05-13 23:00:00",26000,"Vistara",210,0,"2026-04-19 02:48:46.608338"
176,"BOM","DXB","2026-05-14 08:00:00","2026-05-14 11:30:00",25000,"Air India",210,0,"2026-04-19 02:48:46.608338"
177,"BOM","DXB","2026-05-14 16:00:00","2026-05-14 19:30:00",35000,"Emirates",210,0,"2026-04-19 02:48:46.608338"
178,"DXB","BOM","2026-05-10 07:30:00","2026-05-10 12:00:00",20000,"Emirates",210,0,"2026-04-19 02:48:46.608338"
179,"DXB","BOM","2026-05-10 16:00:00","2026-05-10 20:30:00",28000,"Air India",210,0,"2026-04-19 02:48:46.608338"
180,"DXB","BOM","2026-05-11 09:00:00","2026-05-11 13:30:00",24000,"Emirates",210,0,"2026-04-19 02:48:46.608338"
181,"DXB","BOM","2026-05-11 20:00:00","2026-05-12 00:30:00",19000,"IndiGo",210,0,"2026-04-19 02:48:46.608338"
182,"DXB","BOM","2026-05-12 11:00:00","2026-05-12 15:30:00",27000,"Emirates",210,0,"2026-04-19 02:48:46.608338"
183,"DXB","BOM","2026-05-13 08:00:00","2026-05-13 12:30:00",22000,"Air India",210,0,"2026-04-19 02:48:46.608338"
184,"DXB","BOM","2026-05-13 17:30:00","2026-05-13 22:00:00",31000,"Emirates",210,0,"2026-04-19 02:48:46.608338"
185,"DXB","BOM","2026-05-14 12:00:00","2026-05-14 16:30:00",26000,"IndiGo",210,0,"2026-04-19 02:48:46.608338"
186,"DEL","SIN","2026-05-10 00:30:00","2026-05-10 10:00:00",28000,"Singapore Airlines",330,0,"2026-04-19 02:48:46.608338"
187,"DEL","SIN","2026-05-10 05:00:00","2026-05-10 16:15:00",35000,"Air India",335,1,"2026-04-19 02:48:46.608338"
188,"DEL","SIN","2026-05-10 09:00:00","2026-05-10 19:30:00",42000,"Singapore Airlines",330,0,"2026-04-19 02:48:46.608338"
189,"DEL","SIN","2026-05-10 14:30:00","2026-05-10 23:45:00",38000,"IndiGo",315,1,"2026-04-19 02:48:46.608338"
190,"DEL","SIN","2026-05-10 20:00:00","2026-05-11 06:30:00",25000,"Air India",330,0,"2026-04-19 02:48:46.608338"
191,"DEL","SIN","2026-05-10 23:00:00","2026-05-11 09:45:00",22500,"IndiGo",345,1,"2026-04-19 02:48:46.608338"
192,"DEL","SIN","2026-05-11 01:00:00","2026-05-11 10:30:00",29000,"Singapore Airlines",330,0,"2026-04-19 02:48:46.608338"
193,"DEL","SIN","2026-05-11 07:30:00","2026-05-11 18:00:00",45000,"Air India",330,0,"2026-04-19 02:48:46.608338"
194,"DEL","SIN","2026-05-11 13:00:00","2026-05-11 23:30:00",40000,"Singapore Airlines",330,0,"2026-04-19 02:48:46.608338"
195,"DEL","SIN","2026-05-11 22:00:00","2026-05-12 08:30:00",26000,"IndiGo",330,1,"2026-04-19 02:48:46.608338"
196,"DEL","SIN","2026-05-12 05:30:00","2026-05-12 15:30:00",32000,"Singapore Airlines",360,0,"2026-04-19 02:48:46.608338"
197,"DEL","SIN","2026-05-12 11:00:00","2026-05-12 21:30:00",43000,"Air India",330,0,"2026-04-19 02:48:46.608338"
198,"DEL","SIN","2026-05-12 18:00:00","2026-05-13 04:15:00",27500,"IndiGo",375,1,"2026-04-19 02:48:46.608338"
199,"DEL","SIN","2026-05-13 06:00:00","2026-05-13 16:00:00",34000,"Singapore Airlines",360,0,"2026-04-19 02:48:46.608338"
200,"DEL","SIN","2026-05-13 14:00:00","2026-05-14 00:30:00",38500,"Air India",330,0,"2026-04-19 02:48:46.608338"
201,"DEL","SIN","2026-05-13 21:30:00","2026-05-14 07:45:00",24000,"IndiGo",375,1,"2026-04-19 02:48:46.608338"
202,"DEL","SIN","2026-05-14 04:00:00","2026-05-14 14:00:00",31000,"Singapore Airlines",360,0,"2026-04-19 02:48:46.608338"
203,"DEL","SIN","2026-05-14 10:00:00","2026-05-14 20:30:00",46000,"Air India",330,0,"2026-04-19 02:48:46.608338"
204,"DEL","SIN","2026-05-14 17:00:00","2026-05-15 03:00:00",28000,"IndiGo",360,1,"2026-04-19 02:48:46.608338"
205,"SIN","DEL","2026-05-10 08:00:00","2026-05-10 13:00:00",27000,"Singapore Airlines",360,0,"2026-04-19 02:48:46.608338"
206,"SIN","DEL","2026-05-10 22:00:00","2026-05-11 03:30:00",23000,"Air India",330,0,"2026-04-19 02:48:46.608338"
207,"SIN","DEL","2026-05-11 10:00:00","2026-05-11 15:30:00",35000,"Singapore Airlines",330,0,"2026-04-19 02:48:46.608338"
208,"SIN","DEL","2026-05-11 23:00:00","2026-05-12 04:30:00",24000,"IndiGo",330,1,"2026-04-19 02:48:46.608338"
209,"SIN","DEL","2026-05-12 09:00:00","2026-05-12 15:00:00",38000,"Singapore Airlines",360,0,"2026-04-19 02:48:46.608338"
210,"SIN","DEL","2026-05-13 07:30:00","2026-05-13 13:00:00",30000,"Air India",330,0,"2026-04-19 02:48:46.608338"
211,"SIN","DEL","2026-05-14 11:00:00","2026-05-14 17:30:00",41000,"Singapore Airlines",330,0,"2026-04-19 02:48:46.608338"
212,"DEL","LHR","2026-05-10 01:00:00","2026-05-10 09:00:00",38000,"Air India",480,0,"2026-04-19 02:48:46.608338"
213,"DEL","LHR","2026-05-10 03:30:00","2026-05-10 12:00:00",45000,"British Airways",510,0,"2026-04-19 02:48:46.608338"
214,"DEL","LHR","2026-05-10 07:00:00","2026-05-10 16:00:00",52000,"Lufthansa",540,1,"2026-04-19 02:48:46.608338"
215,"DEL","LHR","2026-05-10 14:00:00","2026-05-10 22:30:00",48000,"British Airways",510,0,"2026-04-19 02:48:46.608338"
216,"DEL","LHR","2026-05-10 20:00:00","2026-05-11 04:30:00",36000,"Air India",510,0,"2026-04-19 02:48:46.608338"
217,"DEL","LHR","2026-05-10 23:15:00","2026-05-11 07:45:00",41000,"Qatar Airways",510,1,"2026-04-19 02:48:46.608338"
218,"DEL","LHR","2026-05-11 02:00:00","2026-05-11 10:00:00",37000,"Air India",480,0,"2026-04-19 02:48:46.608338"
219,"DEL","LHR","2026-05-11 05:30:00","2026-05-11 14:30:00",55000,"British Airways",540,0,"2026-04-19 02:48:46.608338"
220,"DEL","LHR","2026-05-11 10:00:00","2026-05-11 19:30:00",62000,"Lufthansa",510,1,"2026-04-19 02:48:46.608338"
221,"DEL","LHR","2026-05-11 22:00:00","2026-05-12 07:00:00",39000,"Qatar Airways",540,1,"2026-04-19 02:48:46.608338"
222,"DEL","LHR","2026-05-12 01:30:00","2026-05-12 09:30:00",40000,"Air India",480,0,"2026-04-19 02:48:46.608338"
223,"DEL","LHR","2026-05-12 08:00:00","2026-05-12 17:30:00",57000,"British Airways",510,0,"2026-04-19 02:48:46.608338"
224,"DEL","LHR","2026-05-12 16:00:00","2026-05-13 01:00:00",48000,"Lufthansa",540,1,"2026-04-19 02:48:46.608338"
225,"DEL","LHR","2026-05-13 03:00:00","2026-05-13 11:30:00",42000,"Air India",510,0,"2026-04-19 02:48:46.608338"
226,"DEL","LHR","2026-05-13 09:00:00","2026-05-13 18:30:00",59000,"British Airways",510,0,"2026-04-19 02:48:46.608338"
227,"DEL","LHR","2026-05-13 21:00:00","2026-05-14 06:30:00",37500,"Qatar Airways",510,1,"2026-04-19 02:48:46.608338"
228,"DEL","LHR","2026-05-14 02:00:00","2026-05-14 10:30:00",43000,"Air India",510,0,"2026-04-19 02:48:46.608338"
229,"DEL","LHR","2026-05-14 06:00:00","2026-05-14 15:00:00",61000,"British Airways",540,0,"2026-04-19 02:48:46.608338"
230,"DEL","LHR","2026-05-14 19:00:00","2026-05-15 04:30:00",38000,"Lufthansa",510,1,"2026-04-19 02:48:46.608338"
231,"LHR","DEL","2026-05-10 10:00:00","2026-05-10 23:30:00",41000,"Air India",510,0,"2026-04-19 02:48:46.608338"
232,"LHR","DEL","2026-05-10 14:00:00","2026-05-11 03:30:00",55000,"British Airways",510,0,"2026-04-19 02:48:46.608338"
233,"LHR","DEL","2026-05-11 09:00:00","2026-05-11 22:30:00",43000,"Air India",510,0,"2026-04-19 02:48:46.608338"
234,"LHR","DEL","2026-05-11 16:30:00","2026-05-12 06:30:00",63000,"British Airways",480,0,"2026-04-19 02:48:46.608338"
235,"LHR","DEL","2026-05-12 11:00:00","2026-05-13 00:30:00",46000,"Lufthansa",510,1,"2026-04-19 02:48:46.608338"
236,"LHR","DEL","2026-05-13 08:00:00","2026-05-13 21:30:00",44000,"Air India",510,0,"2026-04-19 02:48:46.608338"
237,"LHR","DEL","2026-05-14 13:00:00","2026-05-15 02:30:00",58000,"British Airways",510,0,"2026-04-19 02:48:46.608338"
238,"JFK","LHR","2026-05-10 22:00:00","2026-05-11 10:00:00",42000,"British Airways",420,0,"2026-04-19 02:48:46.608338"
239,"JFK","LHR","2026-05-10 18:00:00","2026-05-11 06:30:00",38000,"Delta",450,0,"2026-04-19 02:48:46.608338"
240,"JFK","LHR","2026-05-10 21:30:00","2026-05-11 10:00:00",55000,"Lufthansa",450,1,"2026-04-19 02:48:46.608338"
241,"JFK","LHR","2026-05-10 23:55:00","2026-05-11 12:10:00",47000,"Virgin Atlantic",435,0,"2026-04-19 02:48:46.608338"
242,"JFK","LHR","2026-05-11 07:00:00","2026-05-11 19:00:00",61000,"British Airways",420,0,"2026-04-19 02:48:46.608338"
243,"JFK","LHR","2026-05-11 17:00:00","2026-05-12 05:00:00",36000,"Delta",480,0,"2026-04-19 02:48:46.608338"
244,"JFK","LHR","2026-05-11 21:00:00","2026-05-12 09:30:00",48000,"British Airways",450,0,"2026-04-19 02:48:46.608338"
245,"JFK","LHR","2026-05-11 23:00:00","2026-05-12 11:30:00",43000,"Lufthansa",450,1,"2026-04-19 02:48:46.608338"
246,"JFK","LHR","2026-05-12 07:30:00","2026-05-12 19:30:00",65000,"British Airways",420,0,"2026-04-19 02:48:46.608338"
247,"JFK","LHR","2026-05-12 10:00:00","2026-05-12 22:30:00",52000,"Delta",450,0,"2026-04-19 02:48:46.608338"
248,"JFK","LHR","2026-05-12 19:00:00","2026-05-13 07:30:00",39000,"British Airways",450,0,"2026-04-19 02:48:46.608338"
249,"JFK","LHR","2026-05-12 22:30:00","2026-05-13 11:00:00",44000,"Virgin Atlantic",450,0,"2026-04-19 02:48:46.608338"
250,"JFK","LHR","2026-05-13 06:00:00","2026-05-13 18:00:00",67000,"British Airways",420,0,"2026-04-19 02:48:46.608338"
251,"JFK","LHR","2026-05-13 11:00:00","2026-05-13 23:30:00",54000,"Delta",450,0,"2026-04-19 02:48:46.608338"
252,"JFK","LHR","2026-05-13 20:00:00","2026-05-14 08:30:00",41000,"Lufthansa",450,1,"2026-04-19 02:48:46.608338"
253,"JFK","LHR","2026-05-13 23:30:00","2026-05-14 12:00:00",38500,"British Airways",450,0,"2026-04-19 02:48:46.608338"
254,"JFK","LHR","2026-05-14 07:00:00","2026-05-14 19:00:00",70000,"British Airways",420,0,"2026-04-19 02:48:46.608338"
255,"JFK","LHR","2026-05-14 09:30:00","2026-05-14 22:00:00",56000,"Delta",450,0,"2026-04-19 02:48:46.608338"
256,"JFK","LHR","2026-05-14 18:00:00","2026-05-15 06:30:00",43000,"British Airways",450,0,"2026-04-19 02:48:46.608338"
257,"JFK","LHR","2026-05-14 22:00:00","2026-05-15 10:30:00",35500,"Virgin Atlantic",450,0,"2026-04-19 02:48:46.608338"
258,"LHR","JFK","2026-05-10 09:00:00","2026-05-10 12:00:00",44000,"British Airways",420,0,"2026-04-19 02:48:46.608338"
259,"LHR","JFK","2026-05-10 14:30:00","2026-05-10 17:30:00",38000,"Delta",420,0,"2026-04-19 02:48:46.608338"
260,"LHR","JFK","2026-05-11 11:00:00","2026-05-11 14:00:00",52000,"British Airways",420,0,"2026-04-19 02:48:46.608338"
261,"LHR","JFK","2026-05-11 16:00:00","2026-05-11 19:00:00",41000,"Virgin Atlantic",420,0,"2026-04-19 02:48:46.608338"
262,"LHR","JFK","2026-05-12 10:00:00","2026-05-12 13:00:00",58000,"British Airways",420,0,"2026-04-19 02:48:46.608338"
263,"LHR","JFK","2026-05-12 13:30:00","2026-05-12 16:30:00",45000,"Delta",420,0,"2026-04-19 02:48:46.608338"
264,"LHR","JFK","2026-05-13 09:30:00","2026-05-13 12:30:00",61000,"British Airways",420,0,"2026-04-19 02:48:46.608338"
265,"LHR","JFK","2026-05-13 15:00:00","2026-05-13 18:00:00",47000,"Lufthansa",420,1,"2026-04-19 02:48:46.608338"
266,"LHR","JFK","2026-05-14 11:00:00","2026-05-14 14:00:00",64000,"British Airways",420,0,"2026-04-19 02:48:46.608338"
267,"LHR","JFK","2026-05-14 17:30:00","2026-05-14 20:30:00",49000,"Delta",420,0,"2026-04-19 02:48:46.608338"
268,"DEL","HYD","2026-05-08 06:00:00","2026-05-08 08:30:00",6559,"IndiGo",150,0,"2026-05-07 06:02:39.100019"
269,"DEL","HYD","2026-05-08 06:00:00","2026-05-08 08:30:00",6875,"Air India",150,0,"2026-05-07 06:02:39.100019"
270,"DEL","HYD","2026-05-08 06:00:00","2026-05-08 08:30:00",5273,"Vistara",150,0,"2026-05-07 06:02:39.100019"
271,"DEL","MAA","2026-05-08 06:00:00","2026-05-08 08:30:00",4861,"IndiGo",150,0,"2026-05-07 06:02:39.100019"
272,"DEL","MAA","2026-05-08 06:00:00","2026-05-08 08:30:00",5803,"Air India",150,0,"2026-05-07 06:02:39.100019"
273,"DEL","MAA","2026-05-08 06:00:00","2026-05-08 08:30:00",5955,"Vistara",150,0,"2026-05-07 06:02:39.100019"
274,"DEL","CCU","2026-05-08 06:00:00","2026-05-08 08:30:00",4779,"IndiGo",150,0,"2026-05-07 06:02:39.100019"
275,"DEL","CCU","2026-05-08 06:00:00","2026-05-08 08:30:00",5956,"Air India",150,0,"2026-05-07 06:02:39.100019"
276,"DEL","CCU","2026-05-08 06:00:00","2026-05-08 08:30:00",6220,"Vistara",150,0,"2026-05-07 06:02:39.100019"
277,"BOM","HYD","2026-05-08 06:00:00","2026-05-08 08:30:00",6290,"IndiGo",150,0,"2026-05-07 06:02:39.100019"
278,"BOM","HYD","2026-05-08 06:00:00","2026-05-08 08:30:00",5382,"Air India",150,0,"2026-05-07 06:02:39.100019"
279,"BOM","HYD","2026-05-08 06:00:00","2026-05-08 08:30:00",5919,"Vistara",150,0,"2026-05-07 06:02:39.100019"
280,"BOM","MAA","2026-05-08 06:00:00","2026-05-08 08:30:00",6808,"IndiGo",150,0,"2026-05-07 06:02:39.100019"
281,"BOM","MAA","2026-05-08 06:00:00","2026-05-08 08:30:00",5092,"Air India",150,0,"2026-05-07 06:02:39.100019"
282,"BOM","MAA","2026-05-08 06:00:00","2026-05-08 08:30:00",3501,"Vistara",150,0,"2026-05-07 06:02:39.100019"
283,"BOM","CCU","2026-05-08 06:00:00","2026-05-08 08:30:00",4539,"IndiGo",150,0,"2026-05-07 06:02:39.100019"
284,"BOM","CCU","2026-05-08 06:00:00","2026-05-08 08:30:00",7834,"Air India",150,0,"2026-05-07 06:02:39.100019"
285,"BOM","CCU","2026-05-08 06:00:00","2026-05-08 08:30:00",4347,"Vistara",150,0,"2026-05-07 06:02:39.100019"
286,"BLR","HYD","2026-05-08 06:00:00","2026-05-08 08:30:00",7365,"IndiGo",150,0,"2026-05-07 06:02:39.100019"
287,"BLR","HYD","2026-05-08 06:00:00","2026-05-08 08:30:00",5864,"Air India",150,0,"2026-05-07 06:02:39.100019"
288,"BLR","HYD","2026-05-08 06:00:00","2026-05-08 08:30:00",5340,"Vistara",150,0,"2026-05-07 06:02:39.100019"
289,"BLR","MAA","2026-05-08 06:00:00","2026-05-08 08:30:00",5925,"IndiGo",150,0,"2026-05-07 06:02:39.100019"
290,"BLR","MAA","2026-05-08 06:00:00","2026-05-08 08:30:00",6194,"Air India",150,0,"2026-05-07 06:02:39.100019"
291,"BLR","MAA","2026-05-08 06:00:00","2026-05-08 08:30:00",4055,"Vistara",150,0,"2026-05-07 06:02:39.100019"
292,"BLR","CCU","2026-05-08 06:00:00","2026-05-08 08:30:00",4884,"IndiGo",150,0,"2026-05-07 06:02:39.100019"
293,"BLR","CCU","2026-05-08 06:00:00","2026-05-08 08:30:00",4372,"Air India",150,0,"2026-05-07 06:02:39.100019"
294,"BLR","CCU","2026-05-08 06:00:00","2026-05-08 08:30:00",3751,"Vistara",150,0,"2026-05-07 06:02:39.100019"
295,"BLR","DXB","2026-05-08 06:00:00","2026-05-08 08:30:00",6920,"IndiGo",150,0,"2026-05-07 06:02:39.100019"
296,"BLR","DXB","2026-05-08 06:00:00","2026-05-08 08:30:00",5428,"Air India",150,0,"2026-05-07 06:02:39.100019"
297,"BLR","DXB","2026-05-08 06:00:00","2026-05-08 08:30:00",5977,"Vistara",150,0,"2026-05-07 06:02:39.100019"
298,"HYD","DEL","2026-05-08 06:00:00","2026-05-08 08:30:00",6677,"IndiGo",150,0,"2026-05-07 06:02:39.100019"
299,"HYD","DEL","2026-05-08 06:00:00","2026-05-08 08:30:00",6528,"Air India",150,0,"2026-05-07 06:02:39.100019"
300,"HYD","DEL","2026-05-08 06:00:00","2026-05-08 08:30:00",4152,"Vistara",150,0,"2026-05-07 06:02:39.100019"
301,"HYD","BOM","2026-05-08 06:00:00","2026-05-08 08:30:00",7669,"IndiGo",150,0,"2026-05-07 06:02:39.100019"
302,"HYD","BOM","2026-05-08 06:00:00","2026-05-08 08:30:00",6405,"Air India",150,0,"2026-05-07 06:02:39.100019"
303,"HYD","BOM","2026-05-08 06:00:00","2026-05-08 08:30:00",6178,"Vistara",150,0,"2026-05-07 06:02:39.100019"
304,"HYD","BLR","2026-05-08 06:00:00","2026-05-08 08:30:00",5853,"IndiGo",150,0,"2026-05-07 06:02:39.100019"
305,"HYD","BLR","2026-05-08 06:00:00","2026-05-08 08:30:00",3923,"Air India",150,0,"2026-05-07 06:02:39.100019"
306,"HYD","BLR","2026-05-08 06:00:00","2026-05-08 08:30:00",5181,"Vistara",150,0,"2026-05-07 06:02:39.100019"
307,"HYD","MAA","2026-05-08 06:00:00","2026-05-08 08:30:00",4237,"IndiGo",150,0,"2026-05-07 06:02:39.100019"
308,"HYD","MAA","2026-05-08 06:00:00","2026-05-08 08:30:00",8118,"Air India",150,0,"2026-05-07 06:02:39.100019"
309,"HYD","MAA","2026-05-08 06:00:00","2026-05-08 08:30:00",5220,"Vistara",150,0,"2026-05-07 06:02:39.100019"
310,"HYD","CCU","2026-05-08 06:00:00","2026-05-08 08:30:00",4172,"IndiGo",150,0,"2026-05-07 06:02:39.100019"
311,"HYD","CCU","2026-05-08 06:00:00","2026-05-08 08:30:00",4939,"Air India",150,0,"2026-05-07 06:02:39.100019"
312,"HYD","CCU","2026-05-08 06:00:00","2026-05-08 08:30:00",6277,"Vistara",150,0,"2026-05-07 06:02:39.100019"
313,"HYD","DXB","2026-05-08 06:00:00","2026-05-08 08:30:00",6379,"IndiGo",150,0,"2026-05-07 06:02:39.100019"
314,"HYD","DXB","2026-05-08 06:00:00","2026-05-08 08:30:00",5186,"Air India",150,0,"2026-05-07 06:02:39.100019"
315,"HYD","DXB","2026-05-08 06:00:00","2026-05-08 08:30:00",6831,"Vistara",150,0,"2026-05-07 06:02:39.100019"
316,"MAA","DEL","2026-05-08 06:00:00","2026-05-08 08:30:00",3627,"IndiGo",150,0,"2026-05-07 06:02:39.100019"
317,"MAA","DEL","2026-05-08 06:00:00","2026-05-08 08:30:00",7522,"Air India",150,0,"2026-05-07 06:02:39.100019"
318,"MAA","DEL","2026-05-08 06:00:00","2026-05-08 08:30:00",4156,"Vistara",150,0,"2026-05-07 06:02:39.100019"
319,"MAA","BOM","2026-05-08 06:00:00","2026-05-08 08:30:00",8371,"IndiGo",150,0,"2026-05-07 06:02:39.100019"
320,"MAA","BOM","2026-05-08 06:00:00","2026-05-08 08:30:00",6936,"Air India",150,0,"2026-05-07 06:02:39.100019"
321,"MAA","BOM","2026-05-08 06:00:00","2026-05-08 08:30:00",5708,"Vistara",150,0,"2026-05-07 06:02:39.100019"
322,"MAA","BLR","2026-05-08 06:00:00","2026-05-08 08:30:00",7615,"IndiGo",150,0,"2026-05-07 06:02:39.100019"
323,"MAA","BLR","2026-05-08 06:00:00","2026-05-08 08:30:00",6652,"Air India",150,0,"2026-05-07 06:02:39.100019"
324,"MAA","BLR","2026-05-08 06:00:00","2026-05-08 08:30:00",5370,"Vistara",150,0,"2026-05-07 06:02:39.100019"
325,"MAA","HYD","2026-05-08 06:00:00","2026-05-08 08:30:00",6270,"IndiGo",150,0,"2026-05-07 06:02:39.100019"
326,"MAA","HYD","2026-05-08 06:00:00","2026-05-08 08:30:00",6403,"Air India",150,0,"2026-05-07 06:02:39.100019"
327,"MAA","HYD","2026-05-08 06:00:00","2026-05-08 08:30:00",3791,"Vistara",150,0,"2026-05-07 06:02:39.100019"
328,"MAA","CCU","2026-05-08 06:00:00","2026-05-08 08:30:00",7888,"IndiGo",150,0,"2026-05-07 06:02:39.100019"
329,"MAA","CCU","2026-05-08 06:00:00","2026-05-08 08:30:00",8137,"Air India",150,0,"2026-05-07 06:02:39.100019"
330,"MAA","CCU","2026-05-08 06:00:00","2026-05-08 08:30:00",6931,"Vistara",150,0,"2026-05-07 06:02:39.100019"
331,"MAA","DXB","2026-05-08 06:00:00","2026-05-08 08:30:00",5108,"IndiGo",150,0,"2026-05-07 06:02:39.100019"
332,"MAA","DXB","2026-05-08 06:00:00","2026-05-08 08:30:00",6916,"Air India",150,0,"2026-05-07 06:02:39.100019"
333,"MAA","DXB","2026-05-08 06:00:00","2026-05-08 08:30:00",7963,"Vistara",150,0,"2026-05-07 06:02:39.100019"
334,"CCU","DEL","2026-05-08 06:00:00","2026-05-08 08:30:00",8448,"IndiGo",150,0,"2026-05-07 06:02:39.100019"
335,"CCU","DEL","2026-05-08 06:00:00","2026-05-08 08:30:00",6241,"Air India",150,0,"2026-05-07 06:02:39.100019"
336,"CCU","DEL","2026-05-08 06:00:00","2026-05-08 08:30:00",5070,"Vistara",150,0,"2026-05-07 06:02:39.100019"
337,"CCU","BOM","2026-05-08 06:00:00","2026-05-08 08:30:00",4678,"IndiGo",150,0,"2026-05-07 06:02:39.100019"
338,"CCU","BOM","2026-05-08 06:00:00","2026-05-08 08:30:00",6693,"Air India",150,0,"2026-05-07 06:02:39.100019"
339,"CCU","BOM","2026-05-08 06:00:00","2026-05-08 08:30:00",5493,"Vistara",150,0,"2026-05-07 06:02:39.100019"
340,"CCU","BLR","2026-05-08 06:00:00","2026-05-08 08:30:00",5133,"IndiGo",150,0,"2026-05-07 06:02:39.100019"
341,"CCU","BLR","2026-05-08 06:00:00","2026-05-08 08:30:00",6951,"Air India",150,0,"2026-05-07 06:02:39.100019"
342,"CCU","BLR","2026-05-08 06:00:00","2026-05-08 08:30:00",4417,"Vistara",150,0,"2026-05-07 06:02:39.100019"
343,"CCU","HYD","2026-05-08 06:00:00","2026-05-08 08:30:00",5146,"IndiGo",150,0,"2026-05-07 06:02:39.100019"
344,"CCU","HYD","2026-05-08 06:00:00","2026-05-08 08:30:00",7856,"Air India",150,0,"2026-05-07 06:02:39.100019"
345,"CCU","HYD","2026-05-08 06:00:00","2026-05-08 08:30:00",6501,"Vistara",150,0,"2026-05-07 06:02:39.100019"
346,"CCU","MAA","2026-05-08 06:00:00","2026-05-08 08:30:00",5542,"IndiGo",150,0,"2026-05-07 06:02:39.100019"
347,"CCU","MAA","2026-05-08 06:00:00","2026-05-08 08:30:00",5095,"Air India",150,0,"2026-05-07 06:02:39.100019"
348,"CCU","MAA","2026-05-08 06:00:00","2026-05-08 08:30:00",6284,"Vistara",150,0,"2026-05-07 06:02:39.100019"
349,"CCU","DXB","2026-05-08 06:00:00","2026-05-08 08:30:00",3867,"IndiGo",150,0,"2026-05-07 06:02:39.100019"
350,"CCU","DXB","2026-05-08 06:00:00","2026-05-08 08:30:00",4909,"Air India",150,0,"2026-05-07 06:02:39.100019"
351,"CCU","DXB","2026-05-08 06:00:00","2026-05-08 08:30:00",6213,"Vistara",150,0,"2026-05-07 06:02:39.100019"
352,"DXB","BLR","2026-05-08 06:00:00","2026-05-08 08:30:00",5784,"IndiGo",150,0,"2026-05-07 06:02:39.100019"
353,"DXB","BLR","2026-05-08 06:00:00","2026-05-08 08:30:00",8436,"Air India",150,0,"2026-05-07 06:02:39.100019"
354,"DXB","BLR","2026-05-08 06:00:00","2026-05-08 08:30:00",6184,"Vistara",150,0,"2026-05-07 06:02:39.100019"
355,"DXB","HYD","2026-05-08 06:00:00","2026-05-08 08:30:00",5062,"IndiGo",150,0,"2026-05-07 06:02:39.100019"
356,"DXB","HYD","2026-05-08 06:00:00","2026-05-08 08:30:00",7406,"Air India",150,0,"2026-05-07 06:02:39.100019"
357,"DXB","HYD","2026-05-08 06:00:00","2026-05-08 08:30:00",4035,"Vistara",150,0,"2026-05-07 06:02:39.100019"
358,"DXB","MAA","2026-05-08 06:00:00","2026-05-08 08:30:00",6738,"IndiGo",150,0,"2026-05-07 06:02:39.100019"
359,"DXB","MAA","2026-05-08 06:00:00","2026-05-08 08:30:00",8389,"Air India",150,0,"2026-05-07 06:02:39.100019"
360,"DXB","MAA","2026-05-08 06:00:00","2026-05-08 08:30:00",8199,"Vistara",150,0,"2026-05-07 06:02:39.100019"
361,"DXB","CCU","2026-05-08 06:00:00","2026-05-08 08:30:00",5553,"IndiGo",150,0,"2026-05-07 06:02:39.100019"
362,"DXB","CCU","2026-05-08 06:00:00","2026-05-08 08:30:00",5202,"Air India",150,0,"2026-05-07 06:02:39.100019"
363,"DXB","CCU","2026-05-08 06:00:00","2026-05-08 08:30:00",8262,"Vistara",150,0,"2026-05-07 06:02:39.100019"
